IDIndikator;skrIndikator;IDCOICOP;nCOICOP;IDTer;nTer;God+Mes;nVrTacka;Vrednost;IDStatusPodatka;nStatusPodatka;IDStatusPoverljivosti;nStatusPoverljivosti;IDJedinicaMere;nJedinicaMere
03010601IND01;Bazni indeksi (2006 = 100);0000;Ukupno;RS;REPUBLIKA SRBIJA;200701;2007/januar;102.2;A;Konačan podatak;F;Slobodan za objavlјivanje;I06;indeks, 2006=100
03010601IND01;Bazni indeksi (2006 = 100);0000;Ukupno;RS;REPUBLIKA SRBIJA;200702;2007/februar;101.9;A;Konačan podatak;F;Slobodan za objavlјivanje;I06;indeks, 2006=100
03010601IND01;Bazni indeksi (2006 = 100);0000;Ukupno;RS;REPUBLIKA SRBIJA;200703;2007/mart;102.5;A;Konačan podatak;F;Slobodan za objavlјivanje;I06;indeks, 2006=100
03010601IND01;Bazni indeksi (2006 = 100);0000;Ukupno;RS;REPUBLIKA SRBIJA;200704;2007/april;103.2;A;Konačan podatak;F;Slobodan za objavlјivanje;I06;indeks, 2006=100
03010601IND01;Bazni indeksi (2006 = 100);0000;Ukupno;RS;REPUBLIKA SRBIJA;200705;2007/maj;105.1;A;Konačan podatak;F;Slobodan za objavlјivanje;I06;indeks, 2006=100
03010601IND01;Bazni indeksi (2006 = 100);0000;Ukupno;RS;REPUBLIKA SRBIJA;200706;2007/jun;105.5;A;Konačan podatak;F;Slobodan za objavlјivanje;I06;indeks, 2006=100
03010601IND01;Bazni indeksi (2006 = 100);0000;Ukupno;RS;REPUBLIKA SRBIJA;200707;2007/jul;105.3;A;Konačan podatak;F;Slobodan za objavlјivanje;I06;indeks, 2006=100
03010601IND01;Bazni indeksi (2006 = 100);0000;Ukupno;RS;REPUBLIKA SRBIJA;200708;2007/avgust;107.9;A;Konačan podatak;F;Slobodan za objavlјivanje;I06;indeks, 2006=100
03010601IND01;Bazni indeksi (2006 = 100);0000;Ukupno;RS;REPUBLIKA SRBIJA;200709;2007/septembar;109.5;A;Konačan podatak;F;Slobodan za objavlјivanje;I06;indeks, 2006=100
03010601IND01;Bazni indeksi (2006 = 100);0000;Ukupno;RS;REPUBLIKA SRBIJA;200710;2007/oktobar;110.1;A;Konačan podatak;F;Slobodan za objavlјivanje;I06;indeks, 2006=100
03010601IND01;Bazni indeksi (2006 = 100);0000;Ukupno;RS;REPUBLIKA SRBIJA;200711;2007/novembar;111.7;A;Konačan podatak;F;Slobodan za objavlјivanje;I06;indeks, 2006=100
03010601IND01;Bazni indeksi (2006 = 100);0000;Ukupno;RS;REPUBLIKA SRBIJA;200712;2007/decembar;113.0;A;Konačan podatak;F;Slobodan za objavlјivanje;I06;indeks, 2006=100
03010601IND01;Bazni indeksi (2006 = 100);0000;Ukupno;RS;REPUBLIKA SRBIJA;200801;2008/januar;114.0;A;Konačan podatak;F;Slobodan za objavlјivanje;I06;indeks, 2006=100
03010601IND01;Bazni indeksi (2006 = 100);0000;Ukupno;RS;REPUBLIKA SRBIJA;200802;2008/februar;114.6;A;Konačan podatak;F;Slobodan za objavlјivanje;I06;indeks, 2006=100
03010601IND01;Bazni indeksi (2006 = 100);0000;Ukupno;RS;REPUBLIKA SRBIJA;200803;2008/mart;116.4;A;Konačan podatak;F;Slobodan za objavlјivanje;I06;indeks, 2006=100
03010601IND01;Bazni indeksi (2006 = 100);0000;Ukupno;RS;REPUBLIKA SRBIJA;200804;2008/april;118.2;A;Konačan podatak;F;Slobodan za objavlјivanje;I06;indeks, 2006=100
03010601IND01;Bazni indeksi (2006 = 100);0000;Ukupno;RS;REPUBLIKA SRBIJA;200805;2008/maj;120.3;A;Konačan podatak;F;Slobodan za objavlјivanje;I06;indeks, 2006=100
03010601IND01;Bazni indeksi (2006 = 100);0000;Ukupno;RS;REPUBLIKA SRBIJA;200806;2008/jun;121.2;A;Konačan podatak;F;Slobodan za objavlјivanje;I06;indeks, 2006=100
03010601IND01;Bazni indeksi (2006 = 100);0000;Ukupno;RS;REPUBLIKA SRBIJA;200807;2008/jul;119.8;A;Konačan podatak;F;Slobodan za objavlјivanje;I06;indeks, 2006=100
03010601IND01;Bazni indeksi (2006 = 100);0000;Ukupno;RS;REPUBLIKA SRBIJA;200808;2008/avgust;120.3;A;Konačan podatak;F;Slobodan za objavlјivanje;I06;indeks, 2006=100
03010601IND01;Bazni indeksi (2006 = 100);0000;Ukupno;RS;REPUBLIKA SRBIJA;200809;2008/septembar;121.4;A;Konačan podatak;F;Slobodan za objavlјivanje;I06;indeks, 2006=100
03010601IND01;Bazni indeksi (2006 = 100);0000;Ukupno;RS;REPUBLIKA SRBIJA;200810;2008/oktobar;123.7;A;Konačan podatak;F;Slobodan za objavlјivanje;I06;indeks, 2006=100
03010601IND01;Bazni indeksi (2006 = 100);0000;Ukupno;RS;REPUBLIKA SRBIJA;200811;2008/novembar;123.9;A;Konačan podatak;F;Slobodan za objavlјivanje;I06;indeks, 2006=100
03010601IND01;Bazni indeksi (2006 = 100);0000;Ukupno;RS;REPUBLIKA SRBIJA;200812;2008/decembar;122.7;A;Konačan podatak;F;Slobodan za objavlјivanje;I06;indeks, 2006=100
03010601IND01;Bazni indeksi (2006 = 100);0000;Ukupno;RS;REPUBLIKA SRBIJA;200901;2009/januar;125.4;A;Konačan podatak;F;Slobodan za objavlјivanje;I06;indeks, 2006=100
03010601IND01;Bazni indeksi (2006 = 100);0000;Ukupno;RS;REPUBLIKA SRBIJA;200902;2009/februar;126.9;A;Konačan podatak;F;Slobodan za objavlјivanje;I06;indeks, 2006=100
03010601IND01;Bazni indeksi (2006 = 100);0000;Ukupno;RS;REPUBLIKA SRBIJA;200903;2009/mart;127.4;A;Konačan podatak;F;Slobodan za objavlјivanje;I06;indeks, 2006=100
03010601IND01;Bazni indeksi (2006 = 100);0000;Ukupno;RS;REPUBLIKA SRBIJA;200904;2009/april;128.6;A;Konačan podatak;F;Slobodan za objavlјivanje;I06;indeks, 2006=100
03010601IND01;Bazni indeksi (2006 = 100);0000;Ukupno;RS;REPUBLIKA SRBIJA;200905;2009/maj;131.3;A;Konačan podatak;F;Slobodan za objavlјivanje;I06;indeks, 2006=100
03010601IND01;Bazni indeksi (2006 = 100);0000;Ukupno;RS;REPUBLIKA SRBIJA;200906;2009/jun;131.3;A;Konačan podatak;F;Slobodan za objavlјivanje;I06;indeks, 2006=100
03010601IND01;Bazni indeksi (2006 = 100);0000;Ukupno;RS;REPUBLIKA SRBIJA;200907;2009/jul;130.0;A;Konačan podatak;F;Slobodan za objavlјivanje;I06;indeks, 2006=100
03010601IND01;Bazni indeksi (2006 = 100);0000;Ukupno;RS;REPUBLIKA SRBIJA;200908;2009/avgust;129.9;A;Konačan podatak;F;Slobodan za objavlјivanje;I06;indeks, 2006=100
03010601IND01;Bazni indeksi (2006 = 100);0000;Ukupno;RS;REPUBLIKA SRBIJA;200909;2009/septembar;130.3;A;Konačan podatak;F;Slobodan za objavlјivanje;I06;indeks, 2006=100
03010601IND01;Bazni indeksi (2006 = 100);0000;Ukupno;RS;REPUBLIKA SRBIJA;200910;2009/oktobar;130.1;A;Konačan podatak;F;Slobodan za objavlјivanje;I06;indeks, 2006=100
03010601IND01;Bazni indeksi (2006 = 100);0000;Ukupno;RS;REPUBLIKA SRBIJA;200911;2009/novembar;131.1;A;Konačan podatak;F;Slobodan za objavlјivanje;I06;indeks, 2006=100
03010601IND01;Bazni indeksi (2006 = 100);0000;Ukupno;RS;REPUBLIKA SRBIJA;200912;2009/decembar;130.8;A;Konačan podatak;F;Slobodan za objavlјivanje;I06;indeks, 2006=100
03010601IND01;Bazni indeksi (2006 = 100);0000;Ukupno;RS;REPUBLIKA SRBIJA;201001;2010/januar;131.4;A;Konačan podatak;F;Slobodan za objavlјivanje;I06;indeks, 2006=100
03010601IND01;Bazni indeksi (2006 = 100);0000;Ukupno;RS;REPUBLIKA SRBIJA;201002;2010/februar;131.8;A;Konačan podatak;F;Slobodan za objavlјivanje;I06;indeks, 2006=100
03010601IND01;Bazni indeksi (2006 = 100);0000;Ukupno;RS;REPUBLIKA SRBIJA;201003;2010/mart;133.4;A;Konačan podatak;F;Slobodan za objavlјivanje;I06;indeks, 2006=100
03010601IND01;Bazni indeksi (2006 = 100);0000;Ukupno;RS;REPUBLIKA SRBIJA;201004;2010/april;134.1;A;Konačan podatak;F;Slobodan za objavlјivanje;I06;indeks, 2006=100
03010601IND01;Bazni indeksi (2006 = 100);0000;Ukupno;RS;REPUBLIKA SRBIJA;201005;2010/maj;136.1;A;Konačan podatak;F;Slobodan za objavlјivanje;I06;indeks, 2006=100
03010601IND01;Bazni indeksi (2006 = 100);0000;Ukupno;RS;REPUBLIKA SRBIJA;201006;2010/jun;136.7;A;Konačan podatak;F;Slobodan za objavlјivanje;I06;indeks, 2006=100
03010601IND01;Bazni indeksi (2006 = 100);0000;Ukupno;RS;REPUBLIKA SRBIJA;201007;2010/jul;136.6;A;Konačan podatak;F;Slobodan za objavlјivanje;I06;indeks, 2006=100
03010601IND01;Bazni indeksi (2006 = 100);0000;Ukupno;RS;REPUBLIKA SRBIJA;201008;2010/avgust;138.5;A;Konačan podatak;F;Slobodan za objavlјivanje;I06;indeks, 2006=100
03010601IND01;Bazni indeksi (2006 = 100);0000;Ukupno;RS;REPUBLIKA SRBIJA;201009;2010/septembar;140.3;A;Konačan podatak;F;Slobodan za objavlјivanje;I06;indeks, 2006=100
03010601IND01;Bazni indeksi (2006 = 100);0000;Ukupno;RS;REPUBLIKA SRBIJA;201010;2010/oktobar;141.7;A;Konačan podatak;F;Slobodan za objavlјivanje;I06;indeks, 2006=100
03010601IND01;Bazni indeksi (2006 = 100);0000;Ukupno;RS;REPUBLIKA SRBIJA;201011;2010/novembar;143.7;A;Konačan podatak;F;Slobodan za objavlјivanje;I06;indeks, 2006=100
03010601IND01;Bazni indeksi (2006 = 100);0000;Ukupno;RS;REPUBLIKA SRBIJA;201012;2010/decembar;144.2;A;Konačan podatak;F;Slobodan za objavlјivanje;I06;indeks, 2006=100
03010601IND01;Bazni indeksi (2006 = 100);0000;Ukupno;RS;REPUBLIKA SRBIJA;201101;2011/januar;146.2;A;Konačan podatak;F;Slobodan za objavlјivanje;I06;indeks, 2006=100
03010601IND01;Bazni indeksi (2006 = 100);0000;Ukupno;RS;REPUBLIKA SRBIJA;201102;2011/februar;148.3;A;Konačan podatak;F;Slobodan za objavlјivanje;I06;indeks, 2006=100
03010601IND01;Bazni indeksi (2006 = 100);0000;Ukupno;RS;REPUBLIKA SRBIJA;201103;2011/mart;152.2;A;Konačan podatak;F;Slobodan za objavlјivanje;I06;indeks, 2006=100
03010601IND01;Bazni indeksi (2006 = 100);0000;Ukupno;RS;REPUBLIKA SRBIJA;201104;2011/april;153.8;A;Konačan podatak;F;Slobodan za objavlјivanje;I06;indeks, 2006=100
03010601IND01;Bazni indeksi (2006 = 100);0000;Ukupno;RS;REPUBLIKA SRBIJA;201105;2011/maj;154.4;A;Konačan podatak;F;Slobodan za objavlјivanje;I06;indeks, 2006=100
03010601IND01;Bazni indeksi (2006 = 100);0000;Ukupno;RS;REPUBLIKA SRBIJA;201106;2011/jun;154.0;A;Konačan podatak;F;Slobodan za objavlјivanje;I06;indeks, 2006=100
03010601IND01;Bazni indeksi (2006 = 100);0000;Ukupno;RS;REPUBLIKA SRBIJA;201107;2011/jul;153.2;A;Konačan podatak;F;Slobodan za objavlјivanje;I06;indeks, 2006=100
03010601IND01;Bazni indeksi (2006 = 100);0000;Ukupno;RS;REPUBLIKA SRBIJA;201108;2011/avgust;153.1;A;Konačan podatak;F;Slobodan za objavlјivanje;I06;indeks, 2006=100
03010601IND01;Bazni indeksi (2006 = 100);0000;Ukupno;RS;REPUBLIKA SRBIJA;201109;2011/septembar;153.3;A;Konačan podatak;F;Slobodan za objavlјivanje;I06;indeks, 2006=100
03010601IND01;Bazni indeksi (2006 = 100);0000;Ukupno;RS;REPUBLIKA SRBIJA;201110;2011/oktobar;154.0;A;Konačan podatak;F;Slobodan za objavlјivanje;I06;indeks, 2006=100
03010601IND01;Bazni indeksi (2006 = 100);0000;Ukupno;RS;REPUBLIKA SRBIJA;201111;2011/novembar;155.3;A;Konačan podatak;F;Slobodan za objavlјivanje;I06;indeks, 2006=100
03010601IND01;Bazni indeksi (2006 = 100);0000;Ukupno;RS;REPUBLIKA SRBIJA;201112;2011/decembar;154.3;A;Konačan podatak;F;Slobodan za objavlјivanje;I06;indeks, 2006=100
03010601IND01;Bazni indeksi (2006 = 100);0000;Ukupno;RS;REPUBLIKA SRBIJA;201201;2012/januar;154.4;A;Konačan podatak;F;Slobodan za objavlјivanje;I06;indeks, 2006=100
03010601IND01;Bazni indeksi (2006 = 100);0000;Ukupno;RS;REPUBLIKA SRBIJA;201202;2012/februar;155.7;A;Konačan podatak;F;Slobodan za objavlјivanje;I06;indeks, 2006=100
03010601IND01;Bazni indeksi (2006 = 100);0000;Ukupno;RS;REPUBLIKA SRBIJA;201203;2012/mart;157.4;A;Konačan podatak;F;Slobodan za objavlјivanje;I06;indeks, 2006=100
03010601IND01;Bazni indeksi (2006 = 100);0000;Ukupno;RS;REPUBLIKA SRBIJA;201204;2012/april;158.3;A;Konačan podatak;F;Slobodan za objavlјivanje;I06;indeks, 2006=100
03010601IND01;Bazni indeksi (2006 = 100);0000;Ukupno;RS;REPUBLIKA SRBIJA;201205;2012/maj;160.5;A;Konačan podatak;F;Slobodan za objavlјivanje;I06;indeks, 2006=100
03010601IND01;Bazni indeksi (2006 = 100);0000;Ukupno;RS;REPUBLIKA SRBIJA;201206;2012/jun;162.4;A;Konačan podatak;F;Slobodan za objavlјivanje;I06;indeks, 2006=100
03010601IND01;Bazni indeksi (2006 = 100);0000;Ukupno;RS;REPUBLIKA SRBIJA;201207;2012/jul;162.6;A;Konačan podatak;F;Slobodan za objavlјivanje;I06;indeks, 2006=100
03010601IND01;Bazni indeksi (2006 = 100);0000;Ukupno;RS;REPUBLIKA SRBIJA;201208;2012/avgust;165.3;A;Konačan podatak;F;Slobodan za objavlјivanje;I06;indeks, 2006=100
03010601IND01;Bazni indeksi (2006 = 100);0000;Ukupno;RS;REPUBLIKA SRBIJA;201209;2012/septembar;169.1;A;Konačan podatak;F;Slobodan za objavlјivanje;I06;indeks, 2006=100
03010601IND01;Bazni indeksi (2006 = 100);0000;Ukupno;RS;REPUBLIKA SRBIJA;201210;2012/oktobar;173.8;A;Konačan podatak;F;Slobodan za objavlјivanje;I06;indeks, 2006=100
03010601IND01;Bazni indeksi (2006 = 100);0000;Ukupno;RS;REPUBLIKA SRBIJA;201211;2012/novembar;173.8;A;Konačan podatak;F;Slobodan za objavlјivanje;I06;indeks, 2006=100
03010601IND01;Bazni indeksi (2006 = 100);0000;Ukupno;RS;REPUBLIKA SRBIJA;201212;2012/decembar;173.1;A;Konačan podatak;F;Slobodan za objavlјivanje;I06;indeks, 2006=100
03010601IND01;Bazni indeksi (2006 = 100);0000;Ukupno;RS;REPUBLIKA SRBIJA;201301;2013/januar;174.1;A;Konačan podatak;F;Slobodan za objavlјivanje;I06;indeks, 2006=100
03010601IND01;Bazni indeksi (2006 = 100);0000;Ukupno;RS;REPUBLIKA SRBIJA;201302;2013/februar;175.1;A;Konačan podatak;F;Slobodan za objavlјivanje;I06;indeks, 2006=100
03010601IND01;Bazni indeksi (2006 = 100);0000;Ukupno;RS;REPUBLIKA SRBIJA;201303;2013/mart;175.1;A;Konačan podatak;F;Slobodan za objavlјivanje;I06;indeks, 2006=100
03010601IND01;Bazni indeksi (2006 = 100);0000;Ukupno;RS;REPUBLIKA SRBIJA;201304;2013/april;176.5;A;Konačan podatak;F;Slobodan za objavlјivanje;I06;indeks, 2006=100
03010601IND01;Bazni indeksi (2006 = 100);0000;Ukupno;RS;REPUBLIKA SRBIJA;201305;2013/maj;176.5;A;Konačan podatak;F;Slobodan za objavlјivanje;I06;indeks, 2006=100
03010601IND01;Bazni indeksi (2006 = 100);0000;Ukupno;RS;REPUBLIKA SRBIJA;201306;2013/jun;178.2;A;Konačan podatak;F;Slobodan za objavlјivanje;I06;indeks, 2006=100
03010601IND01;Bazni indeksi (2006 = 100);0000;Ukupno;RS;REPUBLIKA SRBIJA;201307;2013/jul;176.6;A;Konačan podatak;F;Slobodan za objavlјivanje;I06;indeks, 2006=100
03010601IND01;Bazni indeksi (2006 = 100);0000;Ukupno;RS;REPUBLIKA SRBIJA;201308;2013/avgust;177.3;A;Konačan podatak;F;Slobodan za objavlјivanje;I06;indeks, 2006=100
03010601IND01;Bazni indeksi (2006 = 100);0000;Ukupno;RS;REPUBLIKA SRBIJA;201309;2013/septembar;177.3;A;Konačan podatak;F;Slobodan za objavlјivanje;I06;indeks, 2006=100
03010601IND01;Bazni indeksi (2006 = 100);0000;Ukupno;RS;REPUBLIKA SRBIJA;201310;2013/oktobar;177.6;A;Konačan podatak;F;Slobodan za objavlјivanje;I06;indeks, 2006=100
03010601IND01;Bazni indeksi (2006 = 100);0000;Ukupno;RS;REPUBLIKA SRBIJA;201311;2013/novembar;176.5;A;Konačan podatak;F;Slobodan za objavlјivanje;I06;indeks, 2006=100
03010601IND01;Bazni indeksi (2006 = 100);0000;Ukupno;RS;REPUBLIKA SRBIJA;201312;2013/decembar;176.9;A;Konačan podatak;F;Slobodan za objavlјivanje;I06;indeks, 2006=100
03010601IND01;Bazni indeksi (2006 = 100);0000;Ukupno;RS;REPUBLIKA SRBIJA;201401;2014/januar;179.5;A;Konačan podatak;F;Slobodan za objavlјivanje;I06;indeks, 2006=100
03010601IND01;Bazni indeksi (2006 = 100);0000;Ukupno;RS;REPUBLIKA SRBIJA;201402;2014/februar;179.7;A;Konačan podatak;F;Slobodan za objavlјivanje;I06;indeks, 2006=100
03010601IND01;Bazni indeksi (2006 = 100);0000;Ukupno;RS;REPUBLIKA SRBIJA;201403;2014/mart;179.1;A;Konačan podatak;F;Slobodan za objavlјivanje;I06;indeks, 2006=100
03010601IND01;Bazni indeksi (2006 = 100);0000;Ukupno;RS;REPUBLIKA SRBIJA;201404;2014/april;180.1;A;Konačan podatak;F;Slobodan za objavlјivanje;I06;indeks, 2006=100
03010601IND01;Bazni indeksi (2006 = 100);0000;Ukupno;RS;REPUBLIKA SRBIJA;201405;2014/maj;180.2;A;Konačan podatak;F;Slobodan za objavlјivanje;I06;indeks, 2006=100
03010601IND01;Bazni indeksi (2006 = 100);0000;Ukupno;RS;REPUBLIKA SRBIJA;201406;2014/jun;180.4;A;Konačan podatak;F;Slobodan za objavlјivanje;I06;indeks, 2006=100
03010601IND01;Bazni indeksi (2006 = 100);0000;Ukupno;RS;REPUBLIKA SRBIJA;201407;2014/jul;180.2;A;Konačan podatak;F;Slobodan za objavlјivanje;I06;indeks, 2006=100
03010601IND01;Bazni indeksi (2006 = 100);0000;Ukupno;RS;REPUBLIKA SRBIJA;201408;2014/avgust;179.9;A;Konačan podatak;F;Slobodan za objavlјivanje;I06;indeks, 2006=100
03010601IND01;Bazni indeksi (2006 = 100);0000;Ukupno;RS;REPUBLIKA SRBIJA;201409;2014/septembar;181.1;A;Konačan podatak;F;Slobodan za objavlјivanje;I06;indeks, 2006=100
03010601IND01;Bazni indeksi (2006 = 100);0000;Ukupno;RS;REPUBLIKA SRBIJA;201410;2014/oktobar;180.8;A;Konačan podatak;F;Slobodan za objavlјivanje;I06;indeks, 2006=100
03010601IND01;Bazni indeksi (2006 = 100);0000;Ukupno;RS;REPUBLIKA SRBIJA;201411;2014/novembar;180.8;A;Konačan podatak;F;Slobodan za objavlјivanje;I06;indeks, 2006=100
03010601IND01;Bazni indeksi (2006 = 100);0000;Ukupno;RS;REPUBLIKA SRBIJA;201412;2014/decembar;180.0;A;Konačan podatak;F;Slobodan za objavlјivanje;I06;indeks, 2006=100
03010601IND01;Bazni indeksi (2006 = 100);0000;Ukupno;RS;REPUBLIKA SRBIJA;201501;2015/januar;179.6;A;Konačan podatak;F;Slobodan za objavlјivanje;I06;indeks, 2006=100
03010601IND01;Bazni indeksi (2006 = 100);0000;Ukupno;RS;REPUBLIKA SRBIJA;201502;2015/februar;181.1;A;Konačan podatak;F;Slobodan za objavlјivanje;I06;indeks, 2006=100
03010601IND01;Bazni indeksi (2006 = 100);0000;Ukupno;RS;REPUBLIKA SRBIJA;201503;2015/mart;182.4;A;Konačan podatak;F;Slobodan za objavlјivanje;I06;indeks, 2006=100
03010601IND01;Bazni indeksi (2006 = 100);0000;Ukupno;RS;REPUBLIKA SRBIJA;201504;2015/april;183.4;A;Konačan podatak;F;Slobodan za objavlјivanje;I06;indeks, 2006=100
03010601IND01;Bazni indeksi (2006 = 100);0000;Ukupno;RS;REPUBLIKA SRBIJA;201505;2015/maj;182.9;A;Konačan podatak;F;Slobodan za objavlјivanje;I06;indeks, 2006=100
03010601IND01;Bazni indeksi (2006 = 100);0000;Ukupno;RS;REPUBLIKA SRBIJA;201506;2015/jun;183.8;A;Konačan podatak;F;Slobodan za objavlјivanje;I06;indeks, 2006=100
03010601IND01;Bazni indeksi (2006 = 100);0000;Ukupno;RS;REPUBLIKA SRBIJA;201507;2015/jul;182.1;A;Konačan podatak;F;Slobodan za objavlјivanje;I06;indeks, 2006=100
03010601IND01;Bazni indeksi (2006 = 100);0000;Ukupno;RS;REPUBLIKA SRBIJA;201508;2015/avgust;183.7;A;Konačan podatak;F;Slobodan za objavlјivanje;I06;indeks, 2006=100
03010601IND01;Bazni indeksi (2006 = 100);0000;Ukupno;RS;REPUBLIKA SRBIJA;201509;2015/septembar;183.7;A;Konačan podatak;F;Slobodan za objavlјivanje;I06;indeks, 2006=100
03010601IND01;Bazni indeksi (2006 = 100);0000;Ukupno;RS;REPUBLIKA SRBIJA;201510;2015/oktobar;183.3;A;Konačan podatak;F;Slobodan za objavlјivanje;I06;indeks, 2006=100
03010601IND01;Bazni indeksi (2006 = 100);0000;Ukupno;RS;REPUBLIKA SRBIJA;201511;2015/novembar;183.1;A;Konačan podatak;F;Slobodan za objavlјivanje;I06;indeks, 2006=100
03010601IND01;Bazni indeksi (2006 = 100);0000;Ukupno;RS;REPUBLIKA SRBIJA;201512;2015/decembar;182.8;A;Konačan podatak;F;Slobodan za objavlјivanje;I06;indeks, 2006=100
03010601IND01;Bazni indeksi (2006 = 100);0000;Ukupno;RS;REPUBLIKA SRBIJA;201601;2016/januar;183.8;A;Konačan podatak;F;Slobodan za objavlјivanje;I06;indeks, 2006=100
03010601IND01;Bazni indeksi (2006 = 100);0000;Ukupno;RS;REPUBLIKA SRBIJA;201602;2016/februar;183.7;A;Konačan podatak;F;Slobodan za objavlјivanje;I06;indeks, 2006=100
03010601IND01;Bazni indeksi (2006 = 100);0000;Ukupno;RS;REPUBLIKA SRBIJA;201603;2016/mart;183.5;A;Konačan podatak;F;Slobodan za objavlјivanje;I06;indeks, 2006=100
03010601IND01;Bazni indeksi (2006 = 100);0000;Ukupno;RS;REPUBLIKA SRBIJA;201604;2016/april;184.2;A;Konačan podatak;F;Slobodan za objavlјivanje;I06;indeks, 2006=100
03010601IND01;Bazni indeksi (2006 = 100);0000;Ukupno;RS;REPUBLIKA SRBIJA;201605;2016/maj;184.3;A;Konačan podatak;F;Slobodan za objavlјivanje;I06;indeks, 2006=100
03010601IND01;Bazni indeksi (2006 = 100);0000;Ukupno;RS;REPUBLIKA SRBIJA;201606;2016/jun;184.4;A;Konačan podatak;F;Slobodan za objavlјivanje;I06;indeks, 2006=100
03010601IND01;Bazni indeksi (2006 = 100);0000;Ukupno;RS;REPUBLIKA SRBIJA;201607;2016/jul;184.3;A;Konačan podatak;F;Slobodan za objavlјivanje;I06;indeks, 2006=100
03010601IND01;Bazni indeksi (2006 = 100);0000;Ukupno;RS;REPUBLIKA SRBIJA;201608;2016/avgust;185.9;A;Konačan podatak;F;Slobodan za objavlјivanje;I06;indeks, 2006=100
03010601IND01;Bazni indeksi (2006 = 100);0000;Ukupno;RS;REPUBLIKA SRBIJA;201609;2016/septembar;184.8;A;Konačan podatak;F;Slobodan za objavlјivanje;I06;indeks, 2006=100
03010601IND01;Bazni indeksi (2006 = 100);0000;Ukupno;RS;REPUBLIKA SRBIJA;201610;2016/oktobar;186.1;A;Konačan podatak;F;Slobodan za objavlјivanje;I06;indeks, 2006=100
03010601IND01;Bazni indeksi (2006 = 100);0000;Ukupno;RS;REPUBLIKA SRBIJA;201611;2016/novembar;185.9;A;Konačan podatak;F;Slobodan za objavlјivanje;I06;indeks, 2006=100
03010601IND01;Bazni indeksi (2006 = 100);0000;Ukupno;RS;REPUBLIKA SRBIJA;201612;2016/decembar;185.6;A;Konačan podatak;F;Slobodan za objavlјivanje;I06;indeks, 2006=100
03010601IND01;Bazni indeksi (2006 = 100);0000;Ukupno;RS;REPUBLIKA SRBIJA;201701;2017/januar;188.3;A;Konačan podatak;F;Slobodan za objavlјivanje;I06;indeks, 2006=100
03010601IND01;Bazni indeksi (2006 = 100);0000;Ukupno;RS;REPUBLIKA SRBIJA;201702;2017/februar;189.6;A;Konačan podatak;F;Slobodan za objavlјivanje;I06;indeks, 2006=100
03010601IND01;Bazni indeksi (2006 = 100);0000;Ukupno;RS;REPUBLIKA SRBIJA;201703;2017/mart;190.0;A;Konačan podatak;F;Slobodan za objavlјivanje;I06;indeks, 2006=100
03010601IND01;Bazni indeksi (2006 = 100);0000;Ukupno;RS;REPUBLIKA SRBIJA;201704;2017/april;191.5;A;Konačan podatak;F;Slobodan za objavlјivanje;I06;indeks, 2006=100
03010601IND01;Bazni indeksi (2006 = 100);0000;Ukupno;RS;REPUBLIKA SRBIJA;201705;2017/maj;190.6;A;Konačan podatak;F;Slobodan za objavlјivanje;I06;indeks, 2006=100
03010601IND01;Bazni indeksi (2006 = 100);0000;Ukupno;RS;REPUBLIKA SRBIJA;201706;2017/jun;191.0;A;Konačan podatak;F;Slobodan za objavlјivanje;I06;indeks, 2006=100
03010601IND01;Bazni indeksi (2006 = 100);0000;Ukupno;RS;REPUBLIKA SRBIJA;201707;2017/jul;190.2;A;Konačan podatak;F;Slobodan za objavlјivanje;I06;indeks, 2006=100
03010601IND01;Bazni indeksi (2006 = 100);0000;Ukupno;RS;REPUBLIKA SRBIJA;201708;2017/avgust;190.5;A;Konačan podatak;F;Slobodan za objavlјivanje;I06;indeks, 2006=100
03010601IND01;Bazni indeksi (2006 = 100);0000;Ukupno;RS;REPUBLIKA SRBIJA;201709;2017/septembar;190.7;A;Konačan podatak;F;Slobodan za objavlјivanje;I06;indeks, 2006=100
03010601IND01;Bazni indeksi (2006 = 100);0000;Ukupno;RS;REPUBLIKA SRBIJA;201710;2017/oktobar;191.2;A;Konačan podatak;F;Slobodan za objavlјivanje;I06;indeks, 2006=100
03010601IND01;Bazni indeksi (2006 = 100);0000;Ukupno;RS;REPUBLIKA SRBIJA;201711;2017/novembar;191.1;A;Konačan podatak;F;Slobodan za objavlјivanje;I06;indeks, 2006=100
03010601IND01;Bazni indeksi (2006 = 100);0000;Ukupno;RS;REPUBLIKA SRBIJA;201712;2017/decembar;191.2;A;Konačan podatak;F;Slobodan za objavlјivanje;I06;indeks, 2006=100
03010601IND01;Bazni indeksi (2006 = 100);0000;Ukupno;RS;REPUBLIKA SRBIJA;201801;2018/januar;191.8;A;Konačan podatak;F;Slobodan za objavlјivanje;I06;indeks, 2006=100
03010601IND01;Bazni indeksi (2006 = 100);0000;Ukupno;RS;REPUBLIKA SRBIJA;201802;2018/februar;192.4;A;Konačan podatak;F;Slobodan za objavlјivanje;I06;indeks, 2006=100
03010601IND01;Bazni indeksi (2006 = 100);0000;Ukupno;RS;REPUBLIKA SRBIJA;201803;2018/mart;192.7;A;Konačan podatak;F;Slobodan za objavlјivanje;I06;indeks, 2006=100
03010601IND01;Bazni indeksi (2006 = 100);0000;Ukupno;RS;REPUBLIKA SRBIJA;201804;2018/april;193.5;A;Konačan podatak;F;Slobodan za objavlјivanje;I06;indeks, 2006=100
03010601IND01;Bazni indeksi (2006 = 100);0000;Ukupno;RS;REPUBLIKA SRBIJA;201805;2018/maj;194.7;A;Konačan podatak;F;Slobodan za objavlјivanje;I06;indeks, 2006=100
03010601IND01;Bazni indeksi (2006 = 100);0000;Ukupno;RS;REPUBLIKA SRBIJA;201806;2018/jun;195.4;A;Konačan podatak;F;Slobodan za objavlјivanje;I06;indeks, 2006=100
03010601IND01;Bazni indeksi (2006 = 100);0000;Ukupno;RS;REPUBLIKA SRBIJA;201807;2018/jul;194.8;A;Konačan podatak;F;Slobodan za objavlјivanje;I06;indeks, 2006=100
03010601IND01;Bazni indeksi (2006 = 100);0000;Ukupno;RS;REPUBLIKA SRBIJA;201808;2018/avgust;195.4;A;Konačan podatak;F;Slobodan za objavlјivanje;I06;indeks, 2006=100
03010601IND01;Bazni indeksi (2006 = 100);0000;Ukupno;RS;REPUBLIKA SRBIJA;201809;2018/septembar;194.8;A;Konačan podatak;F;Slobodan za objavlјivanje;I06;indeks, 2006=100
03010601IND01;Bazni indeksi (2006 = 100);0000;Ukupno;RS;REPUBLIKA SRBIJA;201810;2018/oktobar;195.4;A;Konačan podatak;F;Slobodan za objavlјivanje;I06;indeks, 2006=100
03010601IND01;Bazni indeksi (2006 = 100);0000;Ukupno;RS;REPUBLIKA SRBIJA;201811;2018/novembar;194.8;A;Konačan podatak;F;Slobodan za objavlјivanje;I06;indeks, 2006=100
03010601IND01;Bazni indeksi (2006 = 100);0000;Ukupno;RS;REPUBLIKA SRBIJA;201812;2018/decembar;195.0;A;Konačan podatak;F;Slobodan za objavlјivanje;I06;indeks, 2006=100
03010601IND01;Bazni indeksi (2006 = 100);0000;Ukupno;RS;REPUBLIKA SRBIJA;201901;2019/januar;195.7;A;Konačan podatak;F;Slobodan za objavlјivanje;I06;indeks, 2006=100
03010601IND01;Bazni indeksi (2006 = 100);0000;Ukupno;RS;REPUBLIKA SRBIJA;201902;2019/februar;197.1;A;Konačan podatak;F;Slobodan za objavlјivanje;I06;indeks, 2006=100
03010601IND01;Bazni indeksi (2006 = 100);0000;Ukupno;RS;REPUBLIKA SRBIJA;201903;2019/mart;198.0;A;Konačan podatak;F;Slobodan za objavlјivanje;I06;indeks, 2006=100
03010601IND01;Bazni indeksi (2006 = 100);0000;Ukupno;RS;REPUBLIKA SRBIJA;201904;2019/april;199.4;A;Konačan podatak;F;Slobodan za objavlјivanje;I06;indeks, 2006=100
03010601IND01;Bazni indeksi (2006 = 100);0000;Ukupno;RS;REPUBLIKA SRBIJA;201905;2019/maj;198.9;A;Konačan podatak;F;Slobodan za objavlјivanje;I06;indeks, 2006=100
03010601IND01;Bazni indeksi (2006 = 100);0000;Ukupno;RS;REPUBLIKA SRBIJA;201906;2019/jun;198.4;A;Konačan podatak;F;Slobodan za objavlјivanje;I06;indeks, 2006=100
03010601IND01;Bazni indeksi (2006 = 100);0000;Ukupno;RS;REPUBLIKA SRBIJA;201907;2019/jul;197.9;A;Konačan podatak;F;Slobodan za objavlјivanje;I06;indeks, 2006=100
03010601IND01;Bazni indeksi (2006 = 100);0000;Ukupno;RS;REPUBLIKA SRBIJA;201908;2019/avgust;197.9;A;Konačan podatak;F;Slobodan za objavlјivanje;I06;indeks, 2006=100
03010601IND01;Bazni indeksi (2006 = 100);0000;Ukupno;RS;REPUBLIKA SRBIJA;201909;2019/septembar;197.0;A;Konačan podatak;F;Slobodan za objavlјivanje;I06;indeks, 2006=100
03010601IND01;Bazni indeksi (2006 = 100);0000;Ukupno;RS;REPUBLIKA SRBIJA;201910;2019/oktobar;197.3;A;Konačan podatak;F;Slobodan za objavlјivanje;I06;indeks, 2006=100
03010601IND01;Bazni indeksi (2006 = 100);0000;Ukupno;RS;REPUBLIKA SRBIJA;201911;2019/novembar;197.6;A;Konačan podatak;F;Slobodan za objavlјivanje;I06;indeks, 2006=100
03010601IND01;Bazni indeksi (2006 = 100);0000;Ukupno;RS;REPUBLIKA SRBIJA;201912;2019/decembar;198.6;A;Konačan podatak;F;Slobodan za objavlјivanje;I06;indeks, 2006=100
03010601IND01;Bazni indeksi (2006 = 100);0000;Ukupno;RS;REPUBLIKA SRBIJA;202001;2020/januar;199.7;A;Konačan podatak;F;Slobodan za objavlјivanje;I06;indeks, 2006=100
03010601IND01;Bazni indeksi (2006 = 100);0000;Ukupno;RS;REPUBLIKA SRBIJA;202002;2020/februar;200.9;A;Konačan podatak;F;Slobodan za objavlјivanje;I06;indeks, 2006=100
03010601IND01;Bazni indeksi (2006 = 100);0000;Ukupno;RS;REPUBLIKA SRBIJA;202003;2020/mart;200.7;A;Konačan podatak;F;Slobodan za objavlјivanje;I06;indeks, 2006=100
03010601IND01;Bazni indeksi (2006 = 100);0000;Ukupno;RS;REPUBLIKA SRBIJA;202004;2020/april;200.8;A;Konačan podatak;F;Slobodan za objavlјivanje;I06;indeks, 2006=100
03010601IND01;Bazni indeksi (2006 = 100);0000;Ukupno;RS;REPUBLIKA SRBIJA;202005;2020/maj;200.3;A;Konačan podatak;F;Slobodan za objavlјivanje;I06;indeks, 2006=100
03010601IND01;Bazni indeksi (2006 = 100);0000;Ukupno;RS;REPUBLIKA SRBIJA;202006;2020/jun;201.5;A;Konačan podatak;F;Slobodan za objavlјivanje;I06;indeks, 2006=100
03010601IND01;Bazni indeksi (2006 = 100);0000;Ukupno;RS;REPUBLIKA SRBIJA;202007;2020/jul;201.9;A;Konačan podatak;F;Slobodan za objavlјivanje;I06;indeks, 2006=100
03010601IND01;Bazni indeksi (2006 = 100);0000;Ukupno;RS;REPUBLIKA SRBIJA;202008;2020/avgust;201.7;A;Konačan podatak;F;Slobodan za objavlјivanje;I06;indeks, 2006=100
03010601IND01;Bazni indeksi (2006 = 100);0000;Ukupno;RS;REPUBLIKA SRBIJA;202009;2020/septembar;200.7;A;Konačan podatak;F;Slobodan za objavlјivanje;I06;indeks, 2006=100
03010601IND01;Bazni indeksi (2006 = 100);0000;Ukupno;RS;REPUBLIKA SRBIJA;202010;2020/oktobar;200.9;A;Konačan podatak;F;Slobodan za objavlјivanje;I06;indeks, 2006=100
03010601IND01;Bazni indeksi (2006 = 100);0000;Ukupno;RS;REPUBLIKA SRBIJA;202011;2020/novembar;201.0;A;Konačan podatak;F;Slobodan za objavlјivanje;I06;indeks, 2006=100
03010601IND01;Bazni indeksi (2006 = 100);0000;Ukupno;RS;REPUBLIKA SRBIJA;202012;2020/decembar;201.1;A;Konačan podatak;F;Slobodan za objavlјivanje;I06;indeks, 2006=100
03010601IND01;Bazni indeksi (2006 = 100);0000;Ukupno;RS;REPUBLIKA SRBIJA;202101;2021/januar;202.0;A;Konačan podatak;F;Slobodan za objavlјivanje;I06;indeks, 2006=100
03010601IND01;Bazni indeksi (2006 = 100);0000;Ukupno;RS;REPUBLIKA SRBIJA;202102;2021/februar;203.3;A;Konačan podatak;F;Slobodan za objavlјivanje;I06;indeks, 2006=100
03010601IND01;Bazni indeksi (2006 = 100);0000;Ukupno;RS;REPUBLIKA SRBIJA;202103;2021/mart;204.3;A;Konačan podatak;F;Slobodan za objavlјivanje;I06;indeks, 2006=100
03010601IND01;Bazni indeksi (2006 = 100);0000;Ukupno;RS;REPUBLIKA SRBIJA;202104;2021/april;206.4;A;Konačan podatak;F;Slobodan za objavlјivanje;I06;indeks, 2006=100
03010601IND01;Bazni indeksi (2006 = 100);0000;Ukupno;RS;REPUBLIKA SRBIJA;202105;2021/maj;207.5;A;Konačan podatak;F;Slobodan za objavlјivanje;I06;indeks, 2006=100
03010601IND01;Bazni indeksi (2006 = 100);0000;Ukupno;RS;REPUBLIKA SRBIJA;202106;2021/jun;208.1;A;Konačan podatak;F;Slobodan za objavlјivanje;I06;indeks, 2006=100
03010601IND01;Bazni indeksi (2006 = 100);0000;Ukupno;RS;REPUBLIKA SRBIJA;202107;2021/jul;208.6;A;Konačan podatak;F;Slobodan za objavlјivanje;I06;indeks, 2006=100
03010601IND01;Bazni indeksi (2006 = 100);0000;Ukupno;RS;REPUBLIKA SRBIJA;202108;2021/avgust;210.4;A;Konačan podatak;F;Slobodan za objavlјivanje;I06;indeks, 2006=100
03010601IND01;Bazni indeksi (2006 = 100);0000;Ukupno;RS;REPUBLIKA SRBIJA;202109;2021/septembar;212.1;A;Konačan podatak;F;Slobodan za objavlјivanje;I06;indeks, 2006=100
03010601IND01;Bazni indeksi (2006 = 100);0000;Ukupno;RS;REPUBLIKA SRBIJA;202110;2021/oktobar;214.1;A;Konačan podatak;F;Slobodan za objavlјivanje;I06;indeks, 2006=100
03010601IND01;Bazni indeksi (2006 = 100);0000;Ukupno;RS;REPUBLIKA SRBIJA;202111;2021/novembar;216.0;A;Konačan podatak;F;Slobodan za objavlјivanje;I06;indeks, 2006=100
03010601IND01;Bazni indeksi (2006 = 100);0000;Ukupno;RS;REPUBLIKA SRBIJA;202112;2021/decembar;216.9;A;Konačan podatak;F;Slobodan za objavlјivanje;I06;indeks, 2006=100
03010601IND01;Bazni indeksi (2006 = 100);0000;Ukupno;RS;REPUBLIKA SRBIJA;202201;2022/januar;218.7;A;Konačan podatak;F;Slobodan za objavlјivanje;I06;indeks, 2006=100
03010601IND01;Bazni indeksi (2006 = 100);0000;Ukupno;RS;REPUBLIKA SRBIJA;202202;2022/februar;221.1;A;Konačan podatak;F;Slobodan za objavlјivanje;I06;indeks, 2006=100
03010601IND01;Bazni indeksi (2006 = 100);0000;Ukupno;RS;REPUBLIKA SRBIJA;202203;2022/mart;222.9;A;Konačan podatak;F;Slobodan za objavlјivanje;I06;indeks, 2006=100
03010601IND01;Bazni indeksi (2006 = 100);0000;Ukupno;RS;REPUBLIKA SRBIJA;202204;2022/april;226.3;A;Konačan podatak;F;Slobodan za objavlјivanje;I06;indeks, 2006=100
03010601IND01;Bazni indeksi (2006 = 100);0000;Ukupno;RS;REPUBLIKA SRBIJA;202205;2022/maj;229.1;A;Konačan podatak;F;Slobodan za objavlјivanje;I06;indeks, 2006=100
03010601IND01;Bazni indeksi (2006 = 100);0000;Ukupno;RS;REPUBLIKA SRBIJA;202206;2022/jun;232.8;A;Konačan podatak;F;Slobodan za objavlјivanje;I06;indeks, 2006=100
03010601IND01;Bazni indeksi (2006 = 100);0000;Ukupno;RS;REPUBLIKA SRBIJA;202207;2022/jul;235.2;A;Konačan podatak;F;Slobodan za objavlјivanje;I06;indeks, 2006=100
03010601IND01;Bazni indeksi (2006 = 100);0000;Ukupno;RS;REPUBLIKA SRBIJA;202208;2022/avgust;238.1;A;Konačan podatak;F;Slobodan za objavlјivanje;I06;indeks, 2006=100
03010601IND01;Bazni indeksi (2006 = 100);0000;Ukupno;RS;REPUBLIKA SRBIJA;202209;2022/septembar;241.7;A;Konačan podatak;F;Slobodan za objavlјivanje;I06;indeks, 2006=100
03010601IND01;Bazni indeksi (2006 = 100);0000;Ukupno;RS;REPUBLIKA SRBIJA;202210;2022/oktobar;246.2;A;Konačan podatak;F;Slobodan za objavlјivanje;I06;indeks, 2006=100
03010601IND01;Bazni indeksi (2006 = 100);0000;Ukupno;RS;REPUBLIKA SRBIJA;202211;2022/novembar;248.6;A;Konačan podatak;F;Slobodan za objavlјivanje;I06;indeks, 2006=100
03010601IND01;Bazni indeksi (2006 = 100);0000;Ukupno;RS;REPUBLIKA SRBIJA;202212;2022/decembar;249.7;A;Konačan podatak;F;Slobodan za objavlјivanje;I06;indeks, 2006=100
03010601IND01;Bazni indeksi (2006 = 100);0000;Ukupno;RS;REPUBLIKA SRBIJA;202301;2023/januar;253.2;A;Konačan podatak;F;Slobodan za objavlјivanje;I06;indeks, 2006=100
03010601IND01;Bazni indeksi (2006 = 100);0000;Ukupno;RS;REPUBLIKA SRBIJA;202302;2023/februar;256.7;A;Konačan podatak;F;Slobodan za objavlјivanje;I06;indeks, 2006=100
03010601IND01;Bazni indeksi (2006 = 100);0000;Ukupno;RS;REPUBLIKA SRBIJA;202303;2023/mart;258.9;A;Konačan podatak;F;Slobodan za objavlјivanje;I06;indeks, 2006=100
03010601IND01;Bazni indeksi (2006 = 100);0000;Ukupno;RS;REPUBLIKA SRBIJA;202304;2023/april;260.6;A;Konačan podatak;F;Slobodan za objavlјivanje;I06;indeks, 2006=100
03010601IND01;Bazni indeksi (2006 = 100);0000;Ukupno;RS;REPUBLIKA SRBIJA;202305;2023/maj;262.9;A;Konačan podatak;F;Slobodan za objavlјivanje;I06;indeks, 2006=100
03010601IND01;Bazni indeksi (2006 = 100);0000;Ukupno;RS;REPUBLIKA SRBIJA;202306;2023/jun;264.8;A;Konačan podatak;F;Slobodan za objavlјivanje;I06;indeks, 2006=100
03010601IND01;Bazni indeksi (2006 = 100);0000;Ukupno;RS;REPUBLIKA SRBIJA;202307;2023/jul;264.7;A;Konačan podatak;F;Slobodan za objavlјivanje;I06;indeks, 2006=100
03010601IND01;Bazni indeksi (2006 = 100);0000;Ukupno;RS;REPUBLIKA SRBIJA;202308;2023/avgust;265.6;A;Konačan podatak;F;Slobodan za objavlјivanje;I06;indeks, 2006=100
03010601IND01;Bazni indeksi (2006 = 100);0000;Ukupno;RS;REPUBLIKA SRBIJA;202309;2023/septembar;266.4;A;Konačan podatak;F;Slobodan za objavlјivanje;I06;indeks, 2006=100
03010601IND01;Bazni indeksi (2006 = 100);0000;Ukupno;RS;REPUBLIKA SRBIJA;202310;2023/oktobar;267.1;A;Konačan podatak;F;Slobodan za objavlјivanje;I06;indeks, 2006=100
03010601IND01;Bazni indeksi (2006 = 100);0000;Ukupno;RS;REPUBLIKA SRBIJA;202311;2023/novembar;268.4;A;Konačan podatak;F;Slobodan za objavlјivanje;I06;indeks, 2006=100
03010601IND01;Bazni indeksi (2006 = 100);0000;Ukupno;RS;REPUBLIKA SRBIJA;202312;2023/decembar;268.8;A;Konačan podatak;F;Slobodan za objavlјivanje;I06;indeks, 2006=100
03010601IND01;Bazni indeksi (2006 = 100);0000;Ukupno;RS;REPUBLIKA SRBIJA;202401;2024/januar;269.6;A;Konačan podatak;F;Slobodan za objavlјivanje;I06;indeks, 2006=100
03010601IND01;Bazni indeksi (2006 = 100);0000;Ukupno;RS;REPUBLIKA SRBIJA;202402;2024/februar;271.1;A;Konačan podatak;F;Slobodan za objavlјivanje;I06;indeks, 2006=100
03010601IND01;Bazni indeksi (2006 = 100);0000;Ukupno;RS;REPUBLIKA SRBIJA;202403;2024/mart;271.8;A;Konačan podatak;F;Slobodan za objavlјivanje;I06;indeks, 2006=100
03010601IND01;Bazni indeksi (2006 = 100);0000;Ukupno;RS;REPUBLIKA SRBIJA;202404;2024/april;273.6;A;Konačan podatak;F;Slobodan za objavlјivanje;I06;indeks, 2006=100
03010601IND01;Bazni indeksi (2006 = 100);0000;Ukupno;RS;REPUBLIKA SRBIJA;202405;2024/maj;274.7;A;Konačan podatak;F;Slobodan za objavlјivanje;I06;indeks, 2006=100
03010601IND01;Bazni indeksi (2006 = 100);0000;Ukupno;RS;REPUBLIKA SRBIJA;202406;2024/jun;274.9;A;Konačan podatak;F;Slobodan za objavlјivanje;I06;indeks, 2006=100
03010601IND01;Bazni indeksi (2006 = 100);0000;Ukupno;RS;REPUBLIKA SRBIJA;202407;2024/jul;276.0;A;Konačan podatak;F;Slobodan za objavlјivanje;I06;indeks, 2006=100
03010601IND01;Bazni indeksi (2006 = 100);0000;Ukupno;RS;REPUBLIKA SRBIJA;202408;2024/avgust;277.1;A;Konačan podatak;F;Slobodan za objavlјivanje;I06;indeks, 2006=100
03010601IND01;Bazni indeksi (2006 = 100);0000;Ukupno;RS;REPUBLIKA SRBIJA;202409;2024/septembar;277.5;A;Konačan podatak;F;Slobodan za objavlјivanje;I06;indeks, 2006=100
03010601IND01;Bazni indeksi (2006 = 100);0000;Ukupno;RS;REPUBLIKA SRBIJA;202410;2024/oktobar;279.1;A;Konačan podatak;F;Slobodan za objavlјivanje;I06;indeks, 2006=100
03010601IND01;Bazni indeksi (2006 = 100);0000;Ukupno;RS;REPUBLIKA SRBIJA;202411;2024/novembar;279.9;A;Konačan podatak;F;Slobodan za objavlјivanje;I06;indeks, 2006=100
03010601IND01;Bazni indeksi (2006 = 100);0000;Ukupno;RS;REPUBLIKA SRBIJA;202412;2024/decembar;280.3;A;Konačan podatak;F;Slobodan za objavlјivanje;I06;indeks, 2006=100
03010601IND01;Bazni indeksi (2006 = 100);0000;Ukupno;RS;REPUBLIKA SRBIJA;202501;2025/januar;282.0;A;Konačan podatak;F;Slobodan za objavlјivanje;I06;indeks, 2006=100
03010601IND01;Bazni indeksi (2006 = 100);0000;Ukupno;RS;REPUBLIKA SRBIJA;202502;2025/februar;283.4;A;Konačan podatak;F;Slobodan za objavlјivanje;I06;indeks, 2006=100
03010601IND01;Bazni indeksi (2006 = 100);0000;Ukupno;RS;REPUBLIKA SRBIJA;202503;2025/mart;283.6;A;Konačan podatak;F;Slobodan za objavlјivanje;I06;indeks, 2006=100
03010601IND01;Bazni indeksi (2006 = 100);0000;Ukupno;RS;REPUBLIKA SRBIJA;202504;2025/april;284.5;A;Konačan podatak;F;Slobodan za objavlјivanje;I06;indeks, 2006=100
03010601IND01;Bazni indeksi (2006 = 100);0000;Ukupno;RS;REPUBLIKA SRBIJA;202505;2025/maj;285.1;A;Konačan podatak;F;Slobodan za objavlјivanje;I06;indeks, 2006=100
03010601IND01;Bazni indeksi (2006 = 100);0000;Ukupno;RS;REPUBLIKA SRBIJA;202506;2025/jun;287.6;A;Konačan podatak;F;Slobodan za objavlјivanje;I06;indeks, 2006=100
03010601IND01;Bazni indeksi (2006 = 100);0000;Ukupno;RS;REPUBLIKA SRBIJA;202507;2025/jul;289.5;A;Konačan podatak;F;Slobodan za objavlјivanje;I06;indeks, 2006=100
03010601IND01;Bazni indeksi (2006 = 100);0000;Ukupno;RS;REPUBLIKA SRBIJA;202508;2025/avgust;290.2;A;Konačan podatak;F;Slobodan za objavlјivanje;I06;indeks, 2006=100
03010601IND01;Bazni indeksi (2006 = 100);0000;Ukupno;RS;REPUBLIKA SRBIJA;202509;2025/septembar;285.6;A;Konačan podatak;F;Slobodan za objavlјivanje;I06;indeks, 2006=100
03010601IND01;Bazni indeksi (2006 = 100);0000;Ukupno;RS;REPUBLIKA SRBIJA;202510;2025/oktobar;287.0;A;Konačan podatak;F;Slobodan za objavlјivanje;I06;indeks, 2006=100
03010601IND01;Bazni indeksi (2006 = 100);0000;Ukupno;RS;REPUBLIKA SRBIJA;202511;2025/novembar;287.7;A;Konačan podatak;F;Slobodan za objavlјivanje;I06;indeks, 2006=100
03010601IND01;Bazni indeksi (2006 = 100);0000;Ukupno;RS;REPUBLIKA SRBIJA;202512;2025/decembar;288.0;A;Konačan podatak;F;Slobodan za objavlјivanje;I06;indeks, 2006=100
